sample,nucleotide,count,bam_name,Expanded name,Official name,GeneNetwork name,Availability (as of March 2019),true_epoch,Epoch,is_AIL,Method of derivation,Generation at sequencing,n_advanced_intercross_gens,Year breeding started
4512-JFI-0361_BXD001_TyJ_phased_possorted_bam,A,1351466716,4512-JFI-0361_BXD001_TyJ_phased_possorted_bam,BXD001/TyJ,BXD1/TyJ,BXD1,Repository Live,1.0,1.0,0.0,B6 female to D2 male F2 intercross,F115+F39,0.0,1971.0
4512-JFI-0361_BXD001_TyJ_phased_possorted_bam,C,976817808,4512-JFI-0361_BXD001_TyJ_phased_possorted_bam,BXD001/TyJ,BXD1/TyJ,BXD1,Repository Live,1.0,1.0,0.0,B6 female to D2 male F2 intercross,F115+F39,0.0,1971.0
4512-JFI-0430_BXD002_RwwJ_phased_possorted_bam,A,1350350773,4512-JFI-0430_BXD002_RwwJ_phased_possorted_bam,BXD002/TyJ,BXD2/TyJ,BXD2,Repository Live,1.0,1.0,0.0,B6 female to D2 male F2 intercross,F146+F40,0.0,1971.0
4512-JFI-0430_BXD002_RwwJ_phased_possorted_bam,C,976010768,4512-JFI-0430_BXD002_RwwJ_phased_possorted_bam,BXD002/TyJ,BXD2/TyJ,BXD2,Repository Live,1.0,1.0,0.0,B6 female to D2 male F2 intercross,F146+F40,0.0,1971.0
4512-JFI-0389_BXD5_TyJ_phased_possorted_bam,A,1355634335,4512-JFI-0389_BXD5_TyJ_phased_possorted_bam,BXD005/TyJ,BXD5/TyJ,BXD5,"Pre-order (est. Jul 8, 2019)",1.0,1.0,0.0,B6 female to D2 male F2 intercross,F114+F28,0.0,1971.0
4512-JFI-0389_BXD5_TyJ_phased_possorted_bam,C,980010156,4512-JFI-0389_BXD5_TyJ_phased_possorted_bam,BXD005/TyJ,BXD5/TyJ,BXD5,"Pre-order (est. Jul 8, 2019)",1.0,1.0,0.0,B6 female to D2 male F2 intercross,F114+F28,0.0,1971.0
4512-JFI-0474_BXD006_TyJ_phased_possorted_bam,A,1347991665,4512-JFI-0474_BXD006_TyJ_phased_possorted_bam,BXD006/TyJ,BXD6/TyJ,BXD6,Repository Live,1.0,1.0,0.0,B6 female to D2 male F2 intercross,F149+F39,0.0,1971.0
4512-JFI-0474_BXD006_TyJ_phased_possorted_bam,C,974237241,4512-JFI-0474_BXD006_TyJ_phased_possorted_bam,BXD006/TyJ,BXD6/TyJ,BXD6,Repository Live,1.0,1.0,0.0,B6 female to D2 male F2 intercross,F149+F39,0.0,1971.0
4512-JFI-0372_BXD008_TyJ_phased_possorted_bam,A,1346244139,4512-JFI-0372_BXD008_TyJ_phased_possorted_bam,BXD008/TyJ,BXD8/TyJ,BXD8,"Pre-order (est. Dec 17, 2018)",1.0,1.0,0.0,B6 female to D2 male F2 intercross,F36p+F37,0.0,1971.0
4512-JFI-0372_BXD008_TyJ_phased_possorted_bam,C,972502822,4512-JFI-0372_BXD008_TyJ_phased_possorted_bam,BXD008/TyJ,BXD8/TyJ,BXD8,"Pre-order (est. Dec 17, 2018)",1.0,1.0,0.0,B6 female to D2 male F2 intercross,F36p+F37,0.0,1971.0
4512-JFI-0383_BXD009_TyJ_phased_possorted_bam,A,1343487396,4512-JFI-0383_BXD009_TyJ_phased_possorted_bam,BXD009/TyJ,BXD9/TyJ,BXD9,"Pre-order (est. Jun 3, 2019)",1.0,1.0,0.0,B6 female to D2 male F2 intercross,F123+F35,0.0,1971.0
4512-JFI-0383_BXD009_TyJ_phased_possorted_bam,C,970515164,4512-JFI-0383_BXD009_TyJ_phased_possorted_bam,BXD009/TyJ,BXD9/TyJ,BXD9,"Pre-order (est. Jun 3, 2019)",1.0,1.0,0.0,B6 female to D2 male F2 intercross,F123+F35,0.0,1971.0
4512-JFI-0368_BXD011_TyJ_phased_possorted_bam,A,1352613280,4512-JFI-0368_BXD011_TyJ_phased_possorted_bam,BXD011/TyJ,BXD11/TyJ,BXD11,Repository Live,1.0,1.0,0.0,B6 female to D2 male F2 intercross,F117+F44,0.0,1971.0
4512-JFI-0368_BXD011_TyJ_phased_possorted_bam,C,977740716,4512-JFI-0368_BXD011_TyJ_phased_possorted_bam,BXD011/TyJ,BXD11/TyJ,BXD11,Repository Live,1.0,1.0,0.0,B6 female to D2 male F2 intercross,F117+F44,0.0,1971.0
4512-JFI-0464_BXD12_TyJ_phased_possorted_bam,A,1352824042,4512-JFI-0464_BXD12_TyJ_phased_possorted_bam,BXD012/TyJ,BXD12/TyJ,BXD12,Repository Live,1.0,1.0,0.0,B6 female to D2 male F2 intercross,F104+F33,0.0,1971.0
4512-JFI-0464_BXD12_TyJ_phased_possorted_bam,C,977656625,4512-JFI-0464_BXD12_TyJ_phased_possorted_bam,BXD012/TyJ,BXD12/TyJ,BXD12,Repository Live,1.0,1.0,0.0,B6 female to D2 male F2 intercross,F104+F33,0.0,1971.0
4512-JFI-0410_BXD013_TyJ_phased_possorted_bam,A,1354479754,4512-JFI-0410_BXD013_TyJ_phased_possorted_bam,BXD013/TyJ,BXD13/TyJ,BXD13,Repository Live,1.0,1.0,0.0,B6 female to D2 male F2 intercross,F60+pF51,0.0,1971.0
4512-JFI-0410_BXD013_TyJ_phased_possorted_bam,C,979000863,4512-JFI-0410_BXD013_TyJ_phased_possorted_bam,BXD013/TyJ,BXD13/TyJ,BXD13,Repository Live,1.0,1.0,0.0,B6 female to D2 male F2 intercross,F60+pF51,0.0,1971.0
4512-JFI-0458_BXD14_TyJ_phased_possorted_bam,A,1350747282,4512-JFI-0458_BXD14_TyJ_phased_possorted_bam,BXD014/TyJ,BXD14/TyJ,BXD14,Repository Live,1.0,1.0,0.0,B6 female to D2 male F2 intercross,F119+F35,0.0,1971.0
4512-JFI-0458_BXD14_TyJ_phased_possorted_bam,C,976545815,4512-JFI-0458_BXD14_TyJ_phased_possorted_bam,BXD014/TyJ,BXD14/TyJ,BXD14,Repository Live,1.0,1.0,0.0,B6 female to D2 male F2 intercross,F119+F35,0.0,1971.0
4512-JFI-0392_BXD15_TyJ_phased_possorted_bam,A,1352685307,4512-JFI-0392_BXD15_TyJ_phased_possorted_bam,BXD015/TyJ,BXD15/TyJ,BXD15,Repository Live,1.0,1.0,0.0,B6 female to D2 male F2 intercross,F99+F27,0.0,1971.0
4512-JFI-0392_BXD15_TyJ_phased_possorted_bam,C,978002801,4512-JFI-0392_BXD15_TyJ_phased_possorted_bam,BXD015/TyJ,BXD15/TyJ,BXD15,Repository Live,1.0,1.0,0.0,B6 female to D2 male F2 intercross,F99+F27,0.0,1971.0
4512-JFI-0393_BXD016_TyJ_phased_possorted_bam,A,1352950228,4512-JFI-0393_BXD016_TyJ_phased_possorted_bam,BXD016/TyJ,BXD16/TyJ,BXD16,Repository Live,1.0,1.0,0.0,B6 female to D2 male F2 intercross,F141+F42,0.0,1971.0
4512-JFI-0393_BXD016_TyJ_phased_possorted_bam,C,977964336,4512-JFI-0393_BXD016_TyJ_phased_possorted_bam,BXD016/TyJ,BXD16/TyJ,BXD16,Repository Live,1.0,1.0,0.0,B6 female to D2 male F2 intercross,F141+F42,0.0,1971.0
4512-JFI-0477_BXD18_TyJ_phased_possorted_bam,A,1350195263,4512-JFI-0477_BXD18_TyJ_phased_possorted_bam,BXD018/TyJ,BXD18/TyJ,BXD18,Repository Live,1.0,1.0,0.0,B6 female to D2 male F2 intercross,F128+F36,0.0,1971.0
4512-JFI-0477_BXD18_TyJ_phased_possorted_bam,C,975969536,4512-JFI-0477_BXD18_TyJ_phased_possorted_bam,BXD018/TyJ,BXD18/TyJ,BXD18,Repository Live,1.0,1.0,0.0,B6 female to D2 male F2 intercross,F128+F36,0.0,1971.0
4512-JFI-0481_BXD19_TyJ_phased_possorted_bam,A,1351858279,4512-JFI-0481_BXD19_TyJ_phased_possorted_bam,BXD019/TyJ,BXD19/TyJ,BXD19,Repository Live,1.0,1.0,0.0,B6 female to D2 male F2 intercross,F125+F38,0.0,1971.0
4512-JFI-0481_BXD19_TyJ_phased_possorted_bam,C,977381051,4512-JFI-0481_BXD19_TyJ_phased_possorted_bam,BXD019/TyJ,BXD19/TyJ,BXD19,Repository Live,1.0,1.0,0.0,B6 female to D2 male F2 intercross,F125+F38,0.0,1971.0
4512-JFI-0407_BXD20_TyJ_phased_possorted_bam,A,1356900986,4512-JFI-0407_BXD20_TyJ_phased_possorted_bam,BXD020/TyJ,BXD20/TyJ,BXD20,Repository Live,1.0,1.0,0.0,B6 female to D2 male F2 intercross,F48N5F75+10pF12,0.0,1971.0
4512-JFI-0407_BXD20_TyJ_phased_possorted_bam,C,980582810,4512-JFI-0407_BXD20_TyJ_phased_possorted_bam,BXD020/TyJ,BXD20/TyJ,BXD20,Repository Live,1.0,1.0,0.0,B6 female to D2 male F2 intercross,F48N5F75+10pF12,0.0,1971.0
4512-JFI-0432_BXD21_TyJ_phased_possorted_bam,A,1353320111,4512-JFI-0432_BXD21_TyJ_phased_possorted_bam,BXD021/TyJ,BXD21/TyJ,BXD21,Repository Live,1.0,1.0,0.0,B6 female to D2 male F2 intercross,F44+pF26,0.0,1971.0
4512-JFI-0432_BXD21_TyJ_phased_possorted_bam,C,978010124,4512-JFI-0432_BXD21_TyJ_phased_possorted_bam,BXD021/TyJ,BXD21/TyJ,BXD21,Repository Live,1.0,1.0,0.0,B6 female to D2 male F2 intercross,F44+pF26,0.0,1971.0
4512-JFI-0350_BXD22_TyJ_phased_possorted_bam,A,1351457216,4512-JFI-0350_BXD22_TyJ_phased_possorted_bam,BXD022/TyJ,BXD22/TyJ,BXD22,Repository Live,1.0,1.0,0.0,B6 female to D2 male F2 intercross,F128+pF16,0.0,1971.0
4512-JFI-0350_BXD22_TyJ_phased_possorted_bam,C,976741045,4512-JFI-0350_BXD22_TyJ_phased_possorted_bam,BXD022/TyJ,BXD22/TyJ,BXD22,Repository Live,1.0,1.0,0.0,B6 female to D2 male F2 intercross,F128+pF16,0.0,1971.0
4512-JFI-0347_BXD024_TyJ_phased_possorted_bam,A,1345139350,4512-JFI-0347_BXD024_TyJ_phased_possorted_bam,BXD024/TyJ,BXD24/TyJ,BXD24,"Pre-order (est. Sep 2, 2019)",1.0,1.0,0.0,B6 female to D2 male F2 intercross,F114,0.0,1971.0
4512-JFI-0347_BXD024_TyJ_phased_possorted_bam,C,972396625,4512-JFI-0347_BXD024_TyJ_phased_possorted_bam,BXD024/TyJ,BXD24/TyJ,BXD24,"Pre-order (est. Sep 2, 2019)",1.0,1.0,0.0,B6 female to D2 male F2 intercross,F114,0.0,1971.0
4512-JFI-0348_BXD24_TyJ_Cep290_J_phased_possorted_bam,A,1349698358,4512-JFI-0348_BXD24_TyJ_Cep290_J_phased_possorted_bam,BXD024/TyJ-Cep290rd16/J,BBXD24/TyJ-Cep290rd16/J,BXD24a,Repository Live,1.0,1.0,0.0,B6 female to D2 male F2 intercross,F140+F40,0.0,1971.0
4512-JFI-0348_BXD24_TyJ_Cep290_J_phased_possorted_bam,C,975662832,4512-JFI-0348_BXD24_TyJ_Cep290_J_phased_possorted_bam,BXD024/TyJ-Cep290rd16/J,BBXD24/TyJ-Cep290rd16/J,BXD24a,Repository Live,1.0,1.0,0.0,B6 female to D2 male F2 intercross,F140+F40,0.0,1971.0
4512-JFI-0470_BXD27_TyJ_phased_possorted_bam,A,1353743286,4512-JFI-0470_BXD27_TyJ_phased_possorted_bam,BXD027/TyJ,BXD27/TyJ,BXD27,Repository Live,1.0,1.0,0.0,B6 female to D2 male F2 intercross,F139+36,0.0,1971.0
4512-JFI-0470_BXD27_TyJ_phased_possorted_bam,C,978331195,4512-JFI-0470_BXD27_TyJ_phased_possorted_bam,BXD027/TyJ,BXD27/TyJ,BXD27,Repository Live,1.0,1.0,0.0,B6 female to D2 male F2 intercross,F139+36,0.0,1971.0
4512-JFI-0346_BXD028_TyJ_phased_possorted_bam,A,1346119234,4512-JFI-0346_BXD028_TyJ_phased_possorted_bam,BXD028/TyJ,BXD28/TyJ,BXD28,Repository Live,1.0,1.0,0.0,B6 female to D2 male F2 intercross,F76+F40,0.0,1971.0
4512-JFI-0346_BXD028_TyJ_phased_possorted_bam,C,973035606,4512-JFI-0346_BXD028_TyJ_phased_possorted_bam,BXD028/TyJ,BXD28/TyJ,BXD28,Repository Live,1.0,1.0,0.0,B6 female to D2 male F2 intercross,F76+F40,0.0,1971.0
4512-JFI-0345_BXD029_Tlr4_J_phased_possorted_bam,A,1355388696,4512-JFI-0345_BXD029_Tlr4_J_phased_possorted_bam,BXD029-Tlr4lps-2J/J,BXD29-Tlr4lps-2J/J,BXD29_Tlr4,Repository Live,1.0,1.0,0.0,B6 female to D2 male F2 intercross,F136+F33,0.0,1971.0
4512-JFI-0345_BXD029_Tlr4_J_phased_possorted_bam,C,979867169,4512-JFI-0345_BXD029_Tlr4_J_phased_possorted_bam,BXD029-Tlr4lps-2J/J,BXD29-Tlr4lps-2J/J,BXD29_Tlr4,Repository Live,1.0,1.0,0.0,B6 female to D2 male F2 intercross,F136+F33,0.0,1971.0
4512-JFI-0344_BXD29_Ty_phased_possorted_bam,A,1354798453,4512-JFI-0344_BXD29_Ty_phased_possorted_bam,BXD029/Ty,BXD29/Ty,BXD29,Repository Live,1.0,1.0,0.0,B6 female to D2 male F2 intercross,F38+pF20,0.0,1971.0
4512-JFI-0344_BXD29_Ty_phased_possorted_bam,C,979364952,4512-JFI-0344_BXD29_Ty_phased_possorted_bam,BXD029/Ty,BXD29/Ty,BXD29,Repository Live,1.0,1.0,0.0,B6 female to D2 male F2 intercross,F38+pF20,0.0,1971.0
4512-JFI-0364_BXD031_TyJ_phased_possorted_bam,A,1352918037,4512-JFI-0364_BXD031_TyJ_phased_possorted_bam,BXD031/TyJ,BXD31/TyJ,BXD31,Repository Live,1.0,1.0,0.0,B6 female to D2 male F2 intercross,F107+F41,0.0,1978.0
4512-JFI-0364_BXD031_TyJ_phased_possorted_bam,C,977919302,4512-JFI-0364_BXD031_TyJ_phased_possorted_bam,BXD031/TyJ,BXD31/TyJ,BXD31,Repository Live,1.0,1.0,0.0,B6 female to D2 male F2 intercross,F107+F41,0.0,1978.0
4512-JFI-0415_BXD032_TyJ_phased_possorted_bam,A,1342041424,4512-JFI-0415_BXD032_TyJ_phased_possorted_bam,BXD032/TyJ,BXD32/TyJ,BXD32,Repository Live,1.5,1.0,0.0,B6D2F1 male to a DBA/2J female,F96+F34,0.0,1978.0
4512-JFI-0415_BXD032_TyJ_phased_possorted_bam,C,970202808,4512-JFI-0415_BXD032_TyJ_phased_possorted_bam,BXD032/TyJ,BXD32/TyJ,BXD32,Repository Live,1.5,1.0,0.0,B6D2F1 male to a DBA/2J female,F96+F34,0.0,1978.0
4512-JFI-0451_BXD33_TyJ_phased_possorted_bam,A,1290273033,4512-JFI-0451_BXD33_TyJ_phased_possorted_bam,BXD033/TyJ,BXD33/TyJ,BXD33,Repository Live,2.0,2.0,0.0,B6 female to D2 male F2 intercross,F39+F39,0.0,1995.0
4512-JFI-0451_BXD33_TyJ_phased_possorted_bam,C,930780353,4512-JFI-0451_BXD33_TyJ_phased_possorted_bam,BXD033/TyJ,BXD33/TyJ,BXD33,Repository Live,2.0,2.0,0.0,B6 female to D2 male F2 intercross,F39+F39,0.0,1995.0
4512-JFI-0356_BXD034_TyJ_phased_possorted_bam,A,1353055559,4512-JFI-0356_BXD034_TyJ_phased_possorted_bam,BXD034/TyJ,BXD34/TyJ,BXD34,Repository Live,2.0,2.0,0.0,B6 female to D2 male F2 intercross,F44+F35,0.0,1995.0
4512-JFI-0356_BXD034_TyJ_phased_possorted_bam,C,977788051,4512-JFI-0356_BXD034_TyJ_phased_possorted_bam,BXD034/TyJ,BXD34/TyJ,BXD34,Repository Live,2.0,2.0,0.0,B6 female to D2 male F2 intercross,F44+F35,0.0,1995.0
4512-JFI-0369_BXD036_TyJ_phased_possorted_bam,A,1352777578,4512-JFI-0369_BXD036_TyJ_phased_possorted_bam,BXD036/TyJ,BXD36/TyJ,BXD36,Extinct,2.0,2.0,0.0,B6 female to D2 male F2 intercross,F44+F14pF22,0.0,1995.0
4512-JFI-0369_BXD036_TyJ_phased_possorted_bam,C,977848119,4512-JFI-0369_BXD036_TyJ_phased_possorted_bam,BXD036/TyJ,BXD36/TyJ,BXD36,Extinct,2.0,2.0,0.0,B6 female to D2 male F2 intercross,F44+F14pF22,0.0,1995.0
4512-JFI-0453_BXD038_TyJ_phased_possorted_bam,A,1353829378,4512-JFI-0453_BXD038_TyJ_phased_possorted_bam,BXD038/TyJ,BXD38/TyJ,BXD38,Repository Live,2.0,2.0,0.0,B6 female to D2 male F2 intercross,F37+F33,0.0,1995.0
4512-JFI-0453_BXD038_TyJ_phased_possorted_bam,C,978531595,4512-JFI-0453_BXD038_TyJ_phased_possorted_bam,BXD038/TyJ,BXD38/TyJ,BXD38,Repository Live,2.0,2.0,0.0,B6 female to D2 male F2 intercross,F37+F33,0.0,1995.0
4512-JFI-0478_BXD39_TyJ_phased_possorted_bam,A,1342504389,4512-JFI-0478_BXD39_TyJ_phased_possorted_bam,BXD039/TyJ,BXD39/TyJ,BXD39,Repository Live,2.0,2.0,0.0,B6 female to D2 male F2 intercross,F45+F36,0.0,1995.0
4512-JFI-0478_BXD39_TyJ_phased_possorted_bam,C,970312659,4512-JFI-0478_BXD39_TyJ_phased_possorted_bam,BXD039/TyJ,BXD39/TyJ,BXD39,Repository Live,2.0,2.0,0.0,B6 female to D2 male F2 intercross,F45+F36,0.0,1995.0
4512-JFI-0358_BXD40_TyJ_phased_possorted_bam,A,1352527874,4512-JFI-0358_BXD40_TyJ_phased_possorted_bam,BXD040/TyJ,BXD40/TyJ,BXD40,Repository Live,2.0,2.0,0.0,B6 female to D2 male F2 intercross,F38+F31,0.0,1995.0
4512-JFI-0358_BXD40_TyJ_phased_possorted_bam,C,977385421,4512-JFI-0358_BXD40_TyJ_phased_possorted_bam,BXD040/TyJ,BXD40/TyJ,BXD40,Repository Live,2.0,2.0,0.0,B6 female to D2 male F2 intercross,F38+F31,0.0,1995.0
4512-JFI-0471_BXD42_TyJ_phased_possorted_bam,A,1351371774,4512-JFI-0471_BXD42_TyJ_phased_possorted_bam,BXD042/TyJ,BXD42/TyJ,BXD42,Repository Live,2.0,2.0,0.0,B6 female to D2 male F2 intercross,F43+F42,0.0,1995.0
4512-JFI-0471_BXD42_TyJ_phased_possorted_bam,C,976576245,4512-JFI-0471_BXD42_TyJ_phased_possorted_bam,BXD042/TyJ,BXD42/TyJ,BXD42,Repository Live,2.0,2.0,0.0,B6 female to D2 male F2 intercross,F43+F42,0.0,1995.0
4512-JFI-0489_BXD43_RwwJ_phased_possorted_bam,A,1354078297,4512-JFI-0489_BXD43_RwwJ_phased_possorted_bam,BXD043/RwwJ,BXD43/RwwJ,BXD43,"Pre-order (est. Jun 17, 2019)",3.0,3.0,1.0,Advanced intercross progeny of B6 female to D2 male,F38+F17,10.0,1999.0
4512-JFI-0489_BXD43_RwwJ_phased_possorted_bam,C,978578337,4512-JFI-0489_BXD43_RwwJ_phased_possorted_bam,BXD043/RwwJ,BXD43/RwwJ,BXD43,"Pre-order (est. Jun 17, 2019)",3.0,3.0,1.0,Advanced intercross progeny of B6 female to D2 male,F38+F17,10.0,1999.0
4512-JFI-0363_BXD44_RwwJ_phased_possorted_bam,A,1349628655,4512-JFI-0363_BXD44_RwwJ_phased_possorted_bam,BXD044/RwwJ,BXD44/RwwJ,BXD44,Repository Live,3.5,3.0,1.0,Advanced intercross progeny of B6 female to D2 male,F31+F27,10.0,1999.0
4512-JFI-0363_BXD44_RwwJ_phased_possorted_bam,C,975550315,4512-JFI-0363_BXD44_RwwJ_phased_possorted_bam,BXD044/RwwJ,BXD44/RwwJ,BXD44,Repository Live,3.5,3.0,1.0,Advanced intercross progeny of B6 female to D2 male,F31+F27,10.0,1999.0
4512-JFI-0486_BXD045_RwwJ_phased_possorted_bam,A,1348069911,4512-JFI-0486_BXD045_RwwJ_phased_possorted_bam,BXD045/RwwJ,BXD45/RwwJ,BXD45,Repository Live,3.5,3.0,1.0,Advanced intercross progeny of B6 female to D2 male,F20+F16,10.0,1999.0
4512-JFI-0486_BXD045_RwwJ_phased_possorted_bam,C,974282612,4512-JFI-0486_BXD045_RwwJ_phased_possorted_bam,BXD045/RwwJ,BXD45/RwwJ,BXD45,Repository Live,3.5,3.0,1.0,Advanced intercross progeny of B6 female to D2 male,F20+F16,10.0,1999.0
4512-JFI-0381_BXD48_RwwJ_phased_possorted_bam,A,1345979145,4512-JFI-0381_BXD48_RwwJ_phased_possorted_bam,BXD048/RwwJ,BXD48/RwwJ,BXD48,Repository Live,3.5,3.0,1.0,Advanced intercross progeny of B6 female to D2 male,F33+F21,10.0,1999.0
4512-JFI-0381_BXD48_RwwJ_phased_possorted_bam,C,972080511,4512-JFI-0381_BXD48_RwwJ_phased_possorted_bam,BXD048/RwwJ,BXD48/RwwJ,BXD48,Repository Live,3.5,3.0,1.0,Advanced intercross progeny of B6 female to D2 male,F33+F21,10.0,1999.0
4512-JFI-0382_BXD048a_RwwJ_phased_possorted_bam,A,1353679780,4512-JFI-0382_BXD048a_RwwJ_phased_possorted_bam,BXD048a/RwwJ,BXD48a/RwwJ,BXD48a (BXD96),Repository Live,3.5,3.0,1.0,Advanced intercross progeny of B6 female to D2 male,F21+F18,10.0,1999.0
4512-JFI-0382_BXD048a_RwwJ_phased_possorted_bam,C,977925548,4512-JFI-0382_BXD048a_RwwJ_phased_possorted_bam,BXD048a/RwwJ,BXD48a/RwwJ,BXD48a (BXD96),Repository Live,3.5,3.0,1.0,Advanced intercross progeny of B6 female to D2 male,F21+F18,10.0,1999.0
4512-JFI-0397_BXD049_RwwJ_phased_possorted_bam,A,1355472517,4512-JFI-0397_BXD049_RwwJ_phased_possorted_bam,BXD049/RwwJ,BXD49/RwwJ,BXD49,Repository Live,3.5,3.0,1.0,Advanced intercross progeny of B6 female to D2 male,F20+F18,10.0,1999.0
4512-JFI-0397_BXD049_RwwJ_phased_possorted_bam,C,979904611,4512-JFI-0397_BXD049_RwwJ_phased_possorted_bam,BXD049/RwwJ,BXD49/RwwJ,BXD49,Repository Live,3.5,3.0,1.0,Advanced intercross progeny of B6 female to D2 male,F20+F18,10.0,1999.0
4512-JFI-0419_BXD050_RwwJ_phased_possorted_bam,A,1349667054,4512-JFI-0419_BXD050_RwwJ_phased_possorted_bam,BXD050/RwwJ,BXD50/RwwJ,BXD50,Repository Live,3.5,3.0,1.0,Advanced intercross progeny of B6 female to D2 male,F21+F23,10.0,1999.0
4512-JFI-0419_BXD050_RwwJ_phased_possorted_bam,C,975676778,4512-JFI-0419_BXD050_RwwJ_phased_possorted_bam,BXD050/RwwJ,BXD50/RwwJ,BXD50,Repository Live,3.5,3.0,1.0,Advanced intercross progeny of B6 female to D2 male,F21+F23,10.0,1999.0
4512-JFI-0408_BXD051_RwwJ_phased_possorted_bam,A,1355473147,4512-JFI-0408_BXD051_RwwJ_phased_possorted_bam,BXD051/RwwJ,BXD51/RwwJ,BXD51,Repository Live,3.5,3.0,1.0,Advanced intercross progeny of B6 female to D2 male,F38+F23,10.0,1999.0
4512-JFI-0408_BXD051_RwwJ_phased_possorted_bam,C,979776876,4512-JFI-0408_BXD051_RwwJ_phased_possorted_bam,BXD051/RwwJ,BXD51/RwwJ,BXD51,Repository Live,3.5,3.0,1.0,Advanced intercross progeny of B6 female to D2 male,F38+F23,10.0,1999.0
4512-JFI-0447_BXD53_2RwwJ_phased_possorted_bam,A,1330411120,4512-JFI-0447_BXD53_2RwwJ_phased_possorted_bam,BXD053/2RwwJ,BXD53/2RwwJ,BXD53,Repository Live,3.5,3.0,1.0,Advanced intercross progeny of B6 female to D2 male,F12N2F30+F9,14.0,1999.0
4512-JFI-0447_BXD53_2RwwJ_phased_possorted_bam,C,961041165,4512-JFI-0447_BXD53_2RwwJ_phased_possorted_bam,BXD053/2RwwJ,BXD53/2RwwJ,BXD53,Repository Live,3.5,3.0,1.0,Advanced intercross progeny of B6 female to D2 male,F12N2F30+F9,14.0,1999.0
4512-JFI-0349_BXD55_RwwJ_phased_possorted_bam,A,1349277079,4512-JFI-0349_BXD55_RwwJ_phased_possorted_bam,BXD055/RwwJ,BXD55/RwwJ,BXD55,Repository Live,3.5,3.0,1.0,Advanced intercross progeny of B6 female to D2 male,F26+F19,14.0,1999.0
4512-JFI-0349_BXD55_RwwJ_phased_possorted_bam,C,975407371,4512-JFI-0349_BXD55_RwwJ_phased_possorted_bam,BXD055/RwwJ,BXD55/RwwJ,BXD55,Repository Live,3.5,3.0,1.0,Advanced intercross progeny of B6 female to D2 male,F26+F19,14.0,1999.0
4512-JFI-0421_BXD056_RwwJ_phased_possorted_bam,A,1350808626,4512-JFI-0421_BXD056_RwwJ_phased_possorted_bam,BXD056/RwwJ,BXD56/RwwJ,BXD56,Repository Live,3.5,3.0,1.0,Advanced intercross progeny of B6 female to D2 male,F30+F21,14.0,1999.0
4512-JFI-0421_BXD056_RwwJ_phased_possorted_bam,C,976518849,4512-JFI-0421_BXD056_RwwJ_phased_possorted_bam,BXD056/RwwJ,BXD56/RwwJ,BXD56,Repository Live,3.5,3.0,1.0,Advanced intercross progeny of B6 female to D2 male,F30+F21,14.0,1999.0
4512-JFI-0465_BXD60_RwwJ_phased_possorted_bam,A,1352488175,4512-JFI-0465_BXD60_RwwJ_phased_possorted_bam,BXD060/RwwJ,BXD60/RwwJ,BXD60,"Pre-order (est. Aug 19, 2019)",3.0,3.0,1.0,Advanced intercross progeny of B6 female to D2 male,F39+F15,9.0,1999.0
4512-JFI-0465_BXD60_RwwJ_phased_possorted_bam,C,977439288,4512-JFI-0465_BXD60_RwwJ_phased_possorted_bam,BXD060/RwwJ,BXD60/RwwJ,BXD60,"Pre-order (est. Aug 19, 2019)",3.0,3.0,1.0,Advanced intercross progeny of B6 female to D2 male,F39+F15,9.0,1999.0
4512-JFI-0461_BXD61_RwwJ_phased_possorted_bam,A,1353881707,4512-JFI-0461_BXD61_RwwJ_phased_possorted_bam,BXD061/RwwJ,BXD61/RwwJ,BXD61,Repository Live,3.0,3.0,1.0,Advanced intercross progeny of B6 female to D2 male,F28+F13,9.0,1999.0
4512-JFI-0461_BXD61_RwwJ_phased_possorted_bam,C,978712906,4512-JFI-0461_BXD61_RwwJ_phased_possorted_bam,BXD061/RwwJ,BXD61/RwwJ,BXD61,Repository Live,3.0,3.0,1.0,Advanced intercross progeny of B6 female to D2 male,F28+F13,9.0,1999.0
4512-JFI-0377_BXD62_RwwJ_phased_possorted_bam,A,1338164983,4512-JFI-0377_BXD62_RwwJ_phased_possorted_bam,BXD062/RwwJ,BXD62/RwwJ,BXD62,Repository Live,3.0,3.0,1.0,Advanced intercross progeny of B6 female to D2 male,F36+F15,9.0,1999.0
4512-JFI-0377_BXD62_RwwJ_phased_possorted_bam,C,966485677,4512-JFI-0377_BXD62_RwwJ_phased_possorted_bam,BXD062/RwwJ,BXD62/RwwJ,BXD62,Repository Live,3.0,3.0,1.0,Advanced intercross progeny of B6 female to D2 male,F36+F15,9.0,1999.0
4512-JFI-0399_BXD63_RwwJ_phased_possorted_bam,A,1347948777,4512-JFI-0399_BXD63_RwwJ_phased_possorted_bam,BXD063/RwwJ,BXD63/RwwJ,BXD63,Repository Live,3.0,3.0,1.0,Advanced intercross progeny of B6 female to D2 male,F45+F15,9.0,1999.0
4512-JFI-0399_BXD63_RwwJ_phased_possorted_bam,C,974663207,4512-JFI-0399_BXD63_RwwJ_phased_possorted_bam,BXD063/RwwJ,BXD63/RwwJ,BXD63,Repository Live,3.0,3.0,1.0,Advanced intercross progeny of B6 female to D2 male,F45+F15,9.0,1999.0
4512-JFI-0483_BXD064_RwwJ_phased_possorted_bam,A,1351898449,4512-JFI-0483_BXD064_RwwJ_phased_possorted_bam,BXD064/RwwJ,BXD64/RwwJ,BXD64,Repository Live,3.0,3.0,1.0,Advanced intercross progeny of B6 female to D2 male,F45+F17,9.0,1999.0
4512-JFI-0483_BXD064_RwwJ_phased_possorted_bam,C,977396059,4512-JFI-0483_BXD064_RwwJ_phased_possorted_bam,BXD064/RwwJ,BXD64/RwwJ,BXD64,Repository Live,3.0,3.0,1.0,Advanced intercross progeny of B6 female to D2 male,F45+F17,9.0,1999.0
4512-JFI-0386_BXD65_RwwJ_phased_possorted_bam,A,1349656061,4512-JFI-0386_BXD65_RwwJ_phased_possorted_bam,BXD065/RwwJ,BXD65/RwwJ,BXD65,"Pre-order (est. Jun 3, 2019)",3.0,3.0,1.0,Advanced intercross progeny of B6 female to D2 male,F29+F11,9.0,1999.0
4512-JFI-0386_BXD65_RwwJ_phased_possorted_bam,C,975424366,4512-JFI-0386_BXD65_RwwJ_phased_possorted_bam,BXD065/RwwJ,BXD65/RwwJ,BXD65,"Pre-order (est. Jun 3, 2019)",3.0,3.0,1.0,Advanced intercross progeny of B6 female to D2 male,F29+F11,9.0,1999.0
4512-JFI-0387_BXD65a_RwwJ_phased_possorted_bam,A,1349859315,4512-JFI-0387_BXD65a_RwwJ_phased_possorted_bam,BXD065a/RwwJ,BXD65a/RwwJ,BXD65a (BXD97),Repository Live,3.0,3.0,1.0,Advanced intercross progeny of B6 female to D2 male,F31+F23,9.0,2000.0
4512-JFI-0387_BXD65a_RwwJ_phased_possorted_bam,C,975564622,4512-JFI-0387_BXD65a_RwwJ_phased_possorted_bam,BXD065a/RwwJ,BXD65a/RwwJ,BXD65a (BXD97),Repository Live,3.0,3.0,1.0,Advanced intercross progeny of B6 female to D2 male,F31+F23,9.0,2000.0
4512-JFI-0442_BXD66_RwwJ_phased_possorted_bam,A,1334289256,4512-JFI-0442_BXD66_RwwJ_phased_possorted_bam,BXD066/RwwJ,BXD66/RwwJ,BXD66,Repository Live,3.0,3.0,1.0,Advanced intercross progeny of B6 female to D2 male,F33+F2pF17,9.0,1999.0
4512-JFI-0442_BXD66_RwwJ_phased_possorted_bam,C,964228013,4512-JFI-0442_BXD66_RwwJ_phased_possorted_bam,BXD066/RwwJ,BXD66/RwwJ,BXD66,Repository Live,3.0,3.0,1.0,Advanced intercross progeny of B6 female to D2 male,F33+F2pF17,9.0,1999.0
4512-JFI-0460_BXD67_RwwJ_phased_possorted_bam,A,1350066962,4512-JFI-0460_BXD67_RwwJ_phased_possorted_bam,BXD067/RwwJ,BXD67/RwwJ,BXD67,Repository Live,3.0,3.0,1.0,Advanced intercross progeny of B6 female to D2 male,F34+F14,10.0,2000.0
4512-JFI-0460_BXD67_RwwJ_phased_possorted_bam,C,975919339,4512-JFI-0460_BXD67_RwwJ_phased_possorted_bam,BXD067/RwwJ,BXD67/RwwJ,BXD67,Repository Live,3.0,3.0,1.0,Advanced intercross progeny of B6 female to D2 male,F34+F14,10.0,2000.0
4512-JFI-0462_BXD68_RwwJ_phased_possorted_bam,A,1354431494,4512-JFI-0462_BXD68_RwwJ_phased_possorted_bam,BXD068/RwwJ,BXD68/RwwJ,BXD68,Repository Live,3.0,3.0,1.0,Advanced intercross progeny of B6 female to D2 male,F21+F24,10.0,2000.0
4512-JFI-0462_BXD68_RwwJ_phased_possorted_bam,C,978936020,4512-JFI-0462_BXD68_RwwJ_phased_possorted_bam,BXD068/RwwJ,BXD68/RwwJ,BXD68,Repository Live,3.0,3.0,1.0,Advanced intercross progeny of B6 female to D2 male,F21+F24,10.0,2000.0
4512-JFI-0400_BXD69_RwwJ_phased_possorted_bam,A,1352667851,4512-JFI-0400_BXD69_RwwJ_phased_possorted_bam,BXD069/RwwJ,BXD69/RwwJ,BXD69,Repository Live,3.0,3.0,1.0,Advanced intercross progeny of B6 female to D2 male,F34+F19,10.0,2000.0
4512-JFI-0400_BXD69_RwwJ_phased_possorted_bam,C,977679574,4512-JFI-0400_BXD69_RwwJ_phased_possorted_bam,BXD069/RwwJ,BXD69/RwwJ,BXD69,Repository Live,3.0,3.0,1.0,Advanced intercross progeny of B6 female to D2 male,F34+F19,10.0,2000.0
4512-JFI-0378_BXD70_RwwJ_phased_possorted_bam,A,1340850700,4512-JFI-0378_BXD70_RwwJ_phased_possorted_bam,BXD070/RwwJ,BXD70/RwwJ,BXD70,Repository Live,3.0,3.0,1.0,Advanced intercross progeny of B6 female to D2 male,F31+F19,10.0,2000.0
4512-JFI-0378_BXD70_RwwJ_phased_possorted_bam,C,968744680,4512-JFI-0378_BXD70_RwwJ_phased_possorted_bam,BXD070/RwwJ,BXD70/RwwJ,BXD70,Repository Live,3.0,3.0,1.0,Advanced intercross progeny of B6 female to D2 male,F31+F19,10.0,2000.0
4512-JFI-0433_BXD71_RwwJ_phased_possorted_bam,A,1348870565,4512-JFI-0433_BXD71_RwwJ_phased_possorted_bam,BXD071/RwwJ,BXD71/RwwJ,BXD71,Repository Live,3.0,3.0,1.0,Advanced intercross progeny of B6 female to D2 male,F26+F16,10.0,2000.0
4512-JFI-0433_BXD71_RwwJ_phased_possorted_bam,C,974960253,4512-JFI-0433_BXD71_RwwJ_phased_possorted_bam,BXD071/RwwJ,BXD71/RwwJ,BXD71,Repository Live,3.0,3.0,1.0,Advanced intercross progeny of B6 female to D2 male,F26+F16,10.0,2000.0
4512-JFI-0438_BXD073_RwwJ_phased_possorted_bam,A,1316837139,4512-JFI-0438_BXD073_RwwJ_phased_possorted_bam,BXD073/RwwJ,BXD73/RwwJ,BXD73,Repository Live,3.0,3.0,1.0,Advanced intercross progeny of B6 female to D2 male,F21+F17,10.0,2000.0
4512-JFI-0438_BXD073_RwwJ_phased_possorted_bam,C,951561921,4512-JFI-0438_BXD073_RwwJ_phased_possorted_bam,BXD073/RwwJ,BXD73/RwwJ,BXD73,Repository Live,3.0,3.0,1.0,Advanced intercross progeny of B6 female to D2 male,F21+F17,10.0,2000.0
4512-JFI-0439_BXD73a_RwwJ_phased_possorted_bam,A,1337659412,4512-JFI-0439_BXD73a_RwwJ_phased_possorted_bam,BXD073a/RwwJ,BXD73a/RwwJ,BXD73a (BXD80),Repository Live,3.0,3.0,1.0,Advanced intercross progeny of B6 female to D2 male,F27+F16,10.0,2000.0
4512-JFI-0439_BXD73a_RwwJ_phased_possorted_bam,C,966779980,4512-JFI-0439_BXD73a_RwwJ_phased_possorted_bam,BXD073a/RwwJ,BXD73a/RwwJ,BXD73a (BXD80),Repository Live,3.0,3.0,1.0,Advanced intercross progeny of B6 female to D2 male,F27+F16,10.0,2000.0
4512-JFI-0440_BXD073b_RwwJ_phased_possorted_bam,A,1327119323,4512-JFI-0440_BXD073b_RwwJ_phased_possorted_bam,BXD073b/RwwJ,BXD73b/RwwJ,BXD73b (BXD103),Repository Live,3.0,3.0,1.0,Advanced intercross progeny of B6 female to D2 male,F17+F17,10.0,2000.0
4512-JFI-0440_BXD073b_RwwJ_phased_possorted_bam,C,958919014,4512-JFI-0440_BXD073b_RwwJ_phased_possorted_bam,BXD073b/RwwJ,BXD73b/RwwJ,BXD73b (BXD103),Repository Live,3.0,3.0,1.0,Advanced intercross progeny of B6 female to D2 male,F17+F17,10.0,2000.0
4512-JFI-0446_BXD74_RwwJ_phased_possorted_bam,A,1311747284,4512-JFI-0446_BXD74_RwwJ_phased_possorted_bam,BXD074/RwwJ,BXD74/RwwJ,BXD74,Repository Live,3.0,3.0,1.0,Advanced intercross progeny of B6 female to D2 male,F45+F15,10.0,2000.0
4512-JFI-0446_BXD74_RwwJ_phased_possorted_bam,C,946924931,4512-JFI-0446_BXD74_RwwJ_phased_possorted_bam,BXD074/RwwJ,BXD74/RwwJ,BXD74,Repository Live,3.0,3.0,1.0,Advanced intercross progeny of B6 female to D2 male,F45+F15,10.0,2000.0
4512-JFI-0423_BXD75_RwwJ_phased_possorted_bam,A,1348340906,4512-JFI-0423_BXD75_RwwJ_phased_possorted_bam,BXD075/RwwJ,BXD75/RwwJ,BXD75,Repository Live,3.0,3.0,1.0,Advanced intercross progeny of B6 female to D2 male,F36+F16,10.0,2000.0
4512-JFI-0423_BXD75_RwwJ_phased_possorted_bam,C,974733628,4512-JFI-0423_BXD75_RwwJ_phased_possorted_bam,BXD075/RwwJ,BXD75/RwwJ,BXD75,Repository Live,3.0,3.0,1.0,Advanced intercross progeny of B6 female to D2 male,F36+F16,10.0,2000.0
4512-JFI-0379_BXD77_RwwJ_phased_possorted_bam,A,1345146599,4512-JFI-0379_BXD77_RwwJ_phased_possorted_bam,BXD077/RwwJ,BXD77/RwwJ,BXD77,Repository Live,3.0,3.0,1.0,Advanced intercross progeny of B6 female to D2 male,F34+F25,10.0,2000.0
4512-JFI-0379_BXD77_RwwJ_phased_possorted_bam,C,972066876,4512-JFI-0379_BXD77_RwwJ_phased_possorted_bam,BXD077/RwwJ,BXD77/RwwJ,BXD77,Repository Live,3.0,3.0,1.0,Advanced intercross progeny of B6 female to D2 male,F34+F25,10.0,2000.0
4512-JFI-0420_BXD78_2_RwwJ_phased_possorted_bam,A,1356426716,4512-JFI-0420_BXD78_2_RwwJ_phased_possorted_bam,BXD078/2RwwJ,BXD78/2RwwJ,BXD78,Repository Live,3.0,3.0,1.0,Advanced intercross progeny of B6 female to D2 male,F18N5F20+F6,10.0,2000.0
4512-JFI-0420_BXD78_2_RwwJ_phased_possorted_bam,C,980545765,4512-JFI-0420_BXD78_2_RwwJ_phased_possorted_bam,BXD078/2RwwJ,BXD78/2RwwJ,BXD78,Repository Live,3.0,3.0,1.0,Advanced intercross progeny of B6 female to D2 male,F18N5F20+F6,10.0,2000.0
4512-JFI-0444_BXD79_RwwJ_phased_possorted_bam,A,1336900534,4512-JFI-0444_BXD79_RwwJ_phased_possorted_bam,BXD079/RwwJ,BXD79/RwwJ,BXD79,Repository Live,3.0,3.0,1.0,Advanced intercross progeny of B6 female to D2 male,F21+F19,10.0,2000.0
4512-JFI-0444_BXD79_RwwJ_phased_possorted_bam,C,965979596,4512-JFI-0444_BXD79_RwwJ_phased_possorted_bam,BXD079/RwwJ,BXD79/RwwJ,BXD79,Repository Live,3.0,3.0,1.0,Advanced intercross progeny of B6 female to D2 male,F21+F19,10.0,2000.0
4512-JFI-0487_BXD81_RwwJ_phased_possorted_bam,A,1350734388,4512-JFI-0487_BXD81_RwwJ_phased_possorted_bam,BXD081/RwwJ,BXD81/RwwJ,BXD81,Repository Live,3.0,3.0,1.0,Advanced intercross progeny of B6 female to D2 male,F31+F5pF3,10.0,2000.0
4512-JFI-0487_BXD81_RwwJ_phased_possorted_bam,C,975831654,4512-JFI-0487_BXD81_RwwJ_phased_possorted_bam,BXD081/RwwJ,BXD81/RwwJ,BXD81,Repository Live,3.0,3.0,1.0,Advanced intercross progeny of B6 female to D2 male,F31+F5pF3,10.0,2000.0
4512-JFI-0463_BXD83_RwwJ_phased_possorted_bam,A,1348683785,4512-JFI-0463_BXD83_RwwJ_phased_possorted_bam,BXD083/RwwJ,BXD83/RwwJ,BXD83,Repository Live,3.0,3.0,1.0,Advanced intercross progeny of B6 female to D2 male,F26+F14,10.0,2000.0
4512-JFI-0463_BXD83_RwwJ_phased_possorted_bam,C,974938295,4512-JFI-0463_BXD83_RwwJ_phased_possorted_bam,BXD083/RwwJ,BXD83/RwwJ,BXD83,Repository Live,3.0,3.0,1.0,Advanced intercross progeny of B6 female to D2 male,F26+F14,10.0,2000.0
4512-JFI-0435_BXD84_RwwJ_phased_possorted_bam,A,1351165819,4512-JFI-0435_BXD84_RwwJ_phased_possorted_bam,BXD084/RwwJ,BXD84/RwwJ,BXD84,Repository Live,3.0,3.0,1.0,Advanced intercross progeny of B6 female to D2 male,F29+F17,10.0,2000.0
4512-JFI-0435_BXD84_RwwJ_phased_possorted_bam,C,976701336,4512-JFI-0435_BXD84_RwwJ_phased_possorted_bam,BXD084/RwwJ,BXD84/RwwJ,BXD84,Repository Live,3.0,3.0,1.0,Advanced intercross progeny of B6 female to D2 male,F29+F17,10.0,2000.0
4512-JFI-0429_BXD85_RwwJ_phased_possorted_bam,A,1349271116,4512-JFI-0429_BXD85_RwwJ_phased_possorted_bam,BXD085/RwwJ,BXD85/RwwJ,BXD85,Repository Live,3.0,3.0,1.0,Advanced intercross progeny of B6 female to D2 male,F34+F14,10.0,2000.0
4512-JFI-0429_BXD85_RwwJ_phased_possorted_bam,C,975354338,4512-JFI-0429_BXD85_RwwJ_phased_possorted_bam,BXD085/RwwJ,BXD85/RwwJ,BXD85,Repository Live,3.0,3.0,1.0,Advanced intercross progeny of B6 female to D2 male,F34+F14,10.0,2000.0
4512-JFI-0403_BXD086_RwwJ_phased_possorted_bam,A,1351294445,4512-JFI-0403_BXD086_RwwJ_phased_possorted_bam,BXD086/RwwJ,BXD86/RwwJ,BXD86,Repository Live,3.0,3.0,1.0,Advanced intercross progeny of B6 female to D2 male,F35+F23,10.0,2000.0
4512-JFI-0403_BXD086_RwwJ_phased_possorted_bam,C,976708062,4512-JFI-0403_BXD086_RwwJ_phased_possorted_bam,BXD086/RwwJ,BXD86/RwwJ,BXD86,Repository Live,3.0,3.0,1.0,Advanced intercross progeny of B6 female to D2 male,F35+F23,10.0,2000.0
4512-JFI-0482_BXD087_RwwJ_phased_possorted_bam,A,1349933988,4512-JFI-0482_BXD087_RwwJ_phased_possorted_bam,BXD087/RwwJ,BXD87/RwwJ,BXD87,Repository Live,3.0,3.0,1.0,Advanced intercross progeny of B6 female to D2 male,F26+F19,10.0,2000.0
4512-JFI-0482_BXD087_RwwJ_phased_possorted_bam,C,975831320,4512-JFI-0482_BXD087_RwwJ_phased_possorted_bam,BXD087/RwwJ,BXD87/RwwJ,BXD87,Repository Live,3.0,3.0,1.0,Advanced intercross progeny of B6 female to D2 male,F26+F19,10.0,2000.0
4512-JFI-0455_BXD88_2_RwwJ_phased_possorted_bam,A,1361134980,4512-JFI-0455_BXD88_2_RwwJ_phased_possorted_bam,BXD088/2RwwJ,BXD88/2RwwJ,BXD88,Repository Live,3.0,3.0,1.0,Advanced intercross progeny of B6 female to D2 male,F15N5F21+F2pF4,10.0,2000.0
4512-JFI-0455_BXD88_2_RwwJ_phased_possorted_bam,C,983617708,4512-JFI-0455_BXD88_2_RwwJ_phased_possorted_bam,BXD088/2RwwJ,BXD88/2RwwJ,BXD88,Repository Live,3.0,3.0,1.0,Advanced intercross progeny of B6 female to D2 male,F15N5F21+F2pF4,10.0,2000.0
4512-JFI-0395_BXD090_RwwJ_phased_possorted_bam,A,1349991934,4512-JFI-0395_BXD090_RwwJ_phased_possorted_bam,BXD090/RwwJ,BXD90/RwwJ,BXD90,Repository Live,3.0,3.0,1.0,Advanced intercross progeny of B6 female to D2 male,F39+20,10.0,2000.0
4512-JFI-0395_BXD090_RwwJ_phased_possorted_bam,C,975801187,4512-JFI-0395_BXD090_RwwJ_phased_possorted_bam,BXD090/RwwJ,BXD90/RwwJ,BXD90,Repository Live,3.0,3.0,1.0,Advanced intercross progeny of B6 female to D2 male,F39+20,10.0,2000.0
4512-JFI-0414_BXD91_RwwJ_phased_possorted_bam,A,1352883449,4512-JFI-0414_BXD91_RwwJ_phased_possorted_bam,BXD091/2RwwJ,BXD91/2RwwJ,BXD91,Repository Live,3.0,3.0,1.0,Advanced intercross progeny of B6 female to D2 male,F16N4F21+F3pF8,10.0,2000.0
4512-JFI-0414_BXD91_RwwJ_phased_possorted_bam,C,978039823,4512-JFI-0414_BXD91_RwwJ_phased_possorted_bam,BXD091/2RwwJ,BXD91/2RwwJ,BXD91,Repository Live,3.0,3.0,1.0,Advanced intercross progeny of B6 female to D2 male,F16N4F21+F3pF8,10.0,2000.0
4512-JFI-0445_BXD095_RwwJ_phased_possorted_bam,A,1319281877,4512-JFI-0445_BXD095_RwwJ_phased_possorted_bam,BXD095/RwwJ,BXD95/RwwJ,BXD95,Repository Live,3.0,3.0,1.0,Advanced intercross progeny of B6 female to D2 male,F22+F11,10.0,2000.0
4512-JFI-0445_BXD095_RwwJ_phased_possorted_bam,C,952839453,4512-JFI-0445_BXD095_RwwJ_phased_possorted_bam,BXD095/RwwJ,BXD95/RwwJ,BXD95,Repository Live,3.0,3.0,1.0,Advanced intercross progeny of B6 female to D2 male,F22+F11,10.0,2000.0
4512-JFI-0345_BXD098_RwwJ_phased_possorted_bam,A,1348198718,4512-JFI-0345_BXD098_RwwJ_phased_possorted_bam,BXD098/RwwJ,BXD98/RwwJ,BXD98,Repository Live,3.0,3.0,1.0,Advanced intercross progeny of B6 female to D2 male,F28+F21,10.0,2000.0
4512-JFI-0345_BXD098_RwwJ_phased_possorted_bam,C,974488848,4512-JFI-0345_BXD098_RwwJ_phased_possorted_bam,BXD098/RwwJ,BXD98/RwwJ,BXD98,Repository Live,3.0,3.0,1.0,Advanced intercross progeny of B6 female to D2 male,F28+F21,10.0,2000.0
4512-JFI-0436_BXD99_RwwJ_phased_possorted_bam,A,1349247657,4512-JFI-0436_BXD99_RwwJ_phased_possorted_bam,BXD099/RwwJ,BXD99/RwwJ,BXD99,Repository Live,3.0,3.0,1.0,Advanced intercross progeny of B6 female to D2 male,F25+F20,10.0,2000.0
4512-JFI-0436_BXD99_RwwJ_phased_possorted_bam,C,975367119,4512-JFI-0436_BXD99_RwwJ_phased_possorted_bam,BXD099/RwwJ,BXD99/RwwJ,BXD99,Repository Live,3.0,3.0,1.0,Advanced intercross progeny of B6 female to D2 male,F25+F20,10.0,2000.0
4512-JFI-0469_BXD100_RwwJ_phased_possorted_bam,A,1354983329,4512-JFI-0469_BXD100_RwwJ_phased_possorted_bam,BXD100/RwwJ,BXD100/RwwJ,BXD100,Repository Live,3.0,3.0,1.0,Advanced intercross progeny of B6 female to D2 male,F22+F23,10.0,2000.0
4512-JFI-0469_BXD100_RwwJ_phased_possorted_bam,C,979376823,4512-JFI-0469_BXD100_RwwJ_phased_possorted_bam,BXD100/RwwJ,BXD100/RwwJ,BXD100,Repository Live,3.0,3.0,1.0,Advanced intercross progeny of B6 female to D2 male,F22+F23,10.0,2000.0
4512-JFI-0475_BXD101_RwwJ_phased_possorted_bam,A,1339960944,4512-JFI-0475_BXD101_RwwJ_phased_possorted_bam,BXD101/RwwJ,BXD101/RwwJ,BXD101,Repository Live,3.0,3.0,1.0,Advanced intercross progeny of B6 female to D2 male,F26+F14,10.0,2000.0
4512-JFI-0475_BXD101_RwwJ_phased_possorted_bam,C,968177311,4512-JFI-0475_BXD101_RwwJ_phased_possorted_bam,BXD101/RwwJ,BXD101/RwwJ,BXD101,Repository Live,3.0,3.0,1.0,Advanced intercross progeny of B6 female to D2 male,F26+F14,10.0,2000.0
4512-JFI-0406_BXD102_RwwJ_phased_possorted_bam,A,1354796537,4512-JFI-0406_BXD102_RwwJ_phased_possorted_bam,BXD102/RwwJ,BXD102/RwwJ,BXD102,Repository Live,3.0,3.0,1.0,Advanced intercross progeny of B6 female to D2 male,F21+F19,10.0,2000.0
4512-JFI-0406_BXD102_RwwJ_phased_possorted_bam,C,979092116,4512-JFI-0406_BXD102_RwwJ_phased_possorted_bam,BXD102/RwwJ,BXD102/RwwJ,BXD102,Repository Live,3.0,3.0,1.0,Advanced intercross progeny of B6 female to D2 male,F21+F19,10.0,2000.0
4512-JFI-0424_BXD111_phased_possorted_bam,A,1349318228,4512-JFI-0424_BXD111_phased_possorted_bam,BXD111/RwwJ,BXD111/RwwJ,BXD111,"Pre-order (est. Sep 30, 2019)",4.0,4.0,0.0,B6 female to D2 male F2 intercross,F24,0.0,2009.0
4512-JFI-0424_BXD111_phased_possorted_bam,C,975164296,4512-JFI-0424_BXD111_phased_possorted_bam,BXD111/RwwJ,BXD111/RwwJ,BXD111,"Pre-order (est. Sep 30, 2019)",4.0,4.0,0.0,B6 female to D2 male F2 intercross,F24,0.0,2009.0
4512-JFI-0365_BXD113_RwwJ_phased_possorted_bam,A,1353470148,4512-JFI-0365_BXD113_RwwJ_phased_possorted_bam,BXD113/RwwJ,BXD113/RwwJ,BXD113,Repository Live,4.0,4.0,0.0,B6 female to D2 male F2 intercross,F25+F1pF6,0.0,2009.0
4512-JFI-0365_BXD113_RwwJ_phased_possorted_bam,C,978545729,4512-JFI-0365_BXD113_RwwJ_phased_possorted_bam,BXD113/RwwJ,BXD113/RwwJ,BXD113,Repository Live,4.0,4.0,0.0,B6 female to D2 male F2 intercross,F25+F1pF6,0.0,2009.0
4512-JFI-0459_BXD114_phased_possorted_bam,A,1331448421,4512-JFI-0459_BXD114_phased_possorted_bam,BXD114,BXD114,BXD114,UTHSC,4.0,4.0,0.0,B6 female to D2 male F2 intercross,F9N7F12,0.0,2009.0
4512-JFI-0459_BXD114_phased_possorted_bam,C,964052794,4512-JFI-0459_BXD114_phased_possorted_bam,BXD114,BXD114,BXD114,UTHSC,4.0,4.0,0.0,B6 female to D2 male F2 intercross,F9N7F12,0.0,2009.0
4512-JFI-0467_BXD122_TyJ_phased_possorted_bam,A,1357830523,4512-JFI-0467_BXD122_TyJ_phased_possorted_bam,BXD122/RwwJ,BXD122/RwwJ,BXD122,Registering Interest,4.0,4.0,0.0,B6 female to D2 male F2 intercross,F23,0.0,2009.0
4512-JFI-0467_BXD122_TyJ_phased_possorted_bam,C,981439573,4512-JFI-0467_BXD122_TyJ_phased_possorted_bam,BXD122/RwwJ,BXD122/RwwJ,BXD122,Registering Interest,4.0,4.0,0.0,B6 female to D2 male F2 intercross,F23,0.0,2009.0
4512-JFI-0431_BXD123_phased_possorted_bam,A,1352498671,4512-JFI-0431_BXD123_phased_possorted_bam,BXD123/RwwJ,BXD123/RwwJ,BXD123,Cryo Recovery,4.0,4.0,0.0,B6 female to D2 male F2 intercross,F30,0.0,2009.0
4512-JFI-0431_BXD123_phased_possorted_bam,C,977480575,4512-JFI-0431_BXD123_phased_possorted_bam,BXD123/RwwJ,BXD123/RwwJ,BXD123,Cryo Recovery,4.0,4.0,0.0,B6 female to D2 male F2 intercross,F30,0.0,2009.0
4512-JFI-0454_BXD124_RwwJ_phased_possorted_bam,A,1351689490,4512-JFI-0454_BXD124_RwwJ_phased_possorted_bam,BXD124/RwwJ,BXD124/RwwJ,BXD124,Repository Live,4.0,4.0,0.0,B6 female to D2 male F2 intercross,F21+F1pF4,0.0,2009.0
4512-JFI-0454_BXD124_RwwJ_phased_possorted_bam,C,977020606,4512-JFI-0454_BXD124_RwwJ_phased_possorted_bam,BXD124/RwwJ,BXD124/RwwJ,BXD124,Repository Live,4.0,4.0,0.0,B6 female to D2 male F2 intercross,F21+F1pF4,0.0,2009.0
4512-JFI-0472_BXD125_RwwJ_phased_possorted_bam,A,1348677597,4512-JFI-0472_BXD125_RwwJ_phased_possorted_bam,BXD125/RwwJ,BXD125/RwwJ,BXD125,Repository Live,4.0,4.0,0.0,B6 female to D2 male F2 intercross,F22+F18,0.0,2009.0
4512-JFI-0472_BXD125_RwwJ_phased_possorted_bam,C,974691260,4512-JFI-0472_BXD125_RwwJ_phased_possorted_bam,BXD125/RwwJ,BXD125/RwwJ,BXD125,Repository Live,4.0,4.0,0.0,B6 female to D2 male F2 intercross,F22+F18,0.0,2009.0
4512-JFI-0401_BXD127_phased_possorted_bam,A,1354193608,4512-JFI-0401_BXD127_phased_possorted_bam,BXD127,BXD127,BXD127,UTHSC,4.0,4.0,0.0,B6 female to D2 male F2 intercross,F14N3F6,0.0,2009.0
4512-JFI-0401_BXD127_phased_possorted_bam,C,978670161,4512-JFI-0401_BXD127_phased_possorted_bam,BXD127,BXD127,BXD127,UTHSC,4.0,4.0,0.0,B6 female to D2 male F2 intercross,F14N3F6,0.0,2009.0
4512-JFI-0492_BXD128_phased_possorted_bam,A,1355783216,4512-JFI-0492_BXD128_phased_possorted_bam,BXD128/RwwJ,BXD128/RwwJ,BXD128,Repository Live,4.0,4.0,0.0,B6 female to D2 male F2 intercross,F26,0.0,2009.0
4512-JFI-0492_BXD128_phased_possorted_bam,C,979810933,4512-JFI-0492_BXD128_phased_possorted_bam,BXD128/RwwJ,BXD128/RwwJ,BXD128,Repository Live,4.0,4.0,0.0,B6 female to D2 male F2 intercross,F26,0.0,2009.0
4512-JFI-0367_BXD131_phased_possorted_bam,A,1351320663,4512-JFI-0367_BXD131_phased_possorted_bam,BXD131,BXD131,BXD131,UTHSC,4.0,4.0,0.0,B6 female to D2 male F2 intercross,F10N8F9,0.0,2009.0
4512-JFI-0367_BXD131_phased_possorted_bam,C,976770905,4512-JFI-0367_BXD131_phased_possorted_bam,BXD131,BXD131,BXD131,UTHSC,4.0,4.0,0.0,B6 female to D2 male F2 intercross,F10N8F9,0.0,2009.0
4512-JFI-0418_BXD137_phased_possorted_bam,A,1347999764,4512-JFI-0418_BXD137_phased_possorted_bam,BXD137,BXD137,BXD137,UTHSC,4.0,4.0,0.0,B6 female to D2 male F2 intercross,F11N4F7,0.0,2009.0
4512-JFI-0418_BXD137_phased_possorted_bam,C,974421828,4512-JFI-0418_BXD137_phased_possorted_bam,BXD137,BXD137,BXD137,UTHSC,4.0,4.0,0.0,B6 female to D2 male F2 intercross,F11N4F7,0.0,2009.0
4512-JFI-0450_BXD141_phased_possorted_bam,A,1331886448,4512-JFI-0450_BXD141_phased_possorted_bam,BXD141/RwwJ,BXD141/RwwJ,BXD141,"Pre-order (est. Jun 3, 2019)",4.0,4.0,0.0,B6 female to D2 male F2 intercross,F24,0.0,2009.0
4512-JFI-0450_BXD141_phased_possorted_bam,C,961749287,4512-JFI-0450_BXD141_phased_possorted_bam,BXD141/RwwJ,BXD141/RwwJ,BXD141,"Pre-order (est. Jun 3, 2019)",4.0,4.0,0.0,B6 female to D2 male F2 intercross,F24,0.0,2009.0
4512-JFI-0352_BXD144_phased_possorted_bam,A,1352179117,4512-JFI-0352_BXD144_phased_possorted_bam,BXD144/RwwJ,BXD144/RwwJ,BXD144,Repository Live,4.0,4.0,0.0,B6 female to D2 male F2 intercross,F28,0.0,2009.0
4512-JFI-0352_BXD144_phased_possorted_bam,C,977280229,4512-JFI-0352_BXD144_phased_possorted_bam,BXD144/RwwJ,BXD144/RwwJ,BXD144,Repository Live,4.0,4.0,0.0,B6 female to D2 male F2 intercross,F28,0.0,2009.0
4512-JFI-0494_BXD147_phased_possorted_bam,A,1353863274,4512-JFI-0494_BXD147_phased_possorted_bam,BXD147,BXD147,BXD147,UTHSC,4.0,4.0,0.0,B6 female to D2 male F2 intercross,F23,0.0,2009.0
4512-JFI-0494_BXD147_phased_possorted_bam,C,978532558,4512-JFI-0494_BXD147_phased_possorted_bam,BXD147,BXD147,BXD147,UTHSC,4.0,4.0,0.0,B6 female to D2 male F2 intercross,F23,0.0,2009.0
4512-JFI-0417_BXD148_phased_possorted_bam,A,1354198792,4512-JFI-0417_BXD148_phased_possorted_bam,BXD148,BXD148,BXD148,UTHSC,4.0,4.0,0.0,B6 female to D2 male F2 intercross,F11N3F9,0.0,2009.0
4512-JFI-0417_BXD148_phased_possorted_bam,C,978820176,4512-JFI-0417_BXD148_phased_possorted_bam,BXD148,BXD148,BXD148,UTHSC,4.0,4.0,0.0,B6 female to D2 male F2 intercross,F11N3F9,0.0,2009.0
4512-JFI-0341_BXD149_phased_possorted_bam,A,1351866254,4512-JFI-0341_BXD149_phased_possorted_bam,BXD149,BXD149,BXD149,UTHSC,4.0,4.0,0.0,B6 female to D2 male F2 intercross,F9N4F7,0.0,2009.0
4512-JFI-0341_BXD149_phased_possorted_bam,C,977179944,4512-JFI-0341_BXD149_phased_possorted_bam,BXD149,BXD149,BXD149,UTHSC,4.0,4.0,0.0,B6 female to D2 male F2 intercross,F9N4F7,0.0,2009.0
4512-JFI-0373_BXD150_phased_possorted_bam,A,1342104693,4512-JFI-0373_BXD150_phased_possorted_bam,BXD150/RwwJ,BXD150/RwwJ,BXD150,Repository Live,4.0,4.0,0.0,B6 female to D2 male F2 intercross,F27,0.0,2009.0
4512-JFI-0373_BXD150_phased_possorted_bam,C,969741531,4512-JFI-0373_BXD150_phased_possorted_bam,BXD150/RwwJ,BXD150/RwwJ,BXD150,Repository Live,4.0,4.0,0.0,B6 female to D2 male F2 intercross,F27,0.0,2009.0
4512-JFI-0457_BXD151_phased_possorted_bam,A,1357798050,4512-JFI-0457_BXD151_phased_possorted_bam,BXD151/RwwJ,BXD151/RwwJ,BXD151,Repository Live,4.0,4.0,0.0,B6 female to D2 male F2 intercross,F27,0.0,2009.0
4512-JFI-0457_BXD151_phased_possorted_bam,C,981104986,4512-JFI-0457_BXD151_phased_possorted_bam,BXD151/RwwJ,BXD151/RwwJ,BXD151,Repository Live,4.0,4.0,0.0,B6 female to D2 male F2 intercross,F27,0.0,2009.0
4512-JFI-0355_BXD152_phased_possorted_bam,A,1350085029,4512-JFI-0355_BXD152_phased_possorted_bam,BXD152/RwwJ,BXD152/RwwJ,BXD152 ,Repository Live,4.0,4.0,0.0,B6 female to D2 male F2 intercross,F26,0.0,2009.0
4512-JFI-0355_BXD152_phased_possorted_bam,C,975778528,4512-JFI-0355_BXD152_phased_possorted_bam,BXD152/RwwJ,BXD152/RwwJ,BXD152 ,Repository Live,4.0,4.0,0.0,B6 female to D2 male F2 intercross,F26,0.0,2009.0
4512-JFI-0374_BXD154_RwwJ_phased_possorted_bam,A,1349284536,4512-JFI-0374_BXD154_RwwJ_phased_possorted_bam,BXD154/RwwJ,BXD154/RwwJ,BXD154,Repository Live,4.0,4.0,0.0,B6 female to D2 male F2 intercross,F20+pF5,0.0,2009.0
4512-JFI-0374_BXD154_RwwJ_phased_possorted_bam,C,974095464,4512-JFI-0374_BXD154_RwwJ_phased_possorted_bam,BXD154/RwwJ,BXD154/RwwJ,BXD154,Repository Live,4.0,4.0,0.0,B6 female to D2 male F2 intercross,F20+pF5,0.0,2009.0
4512-JFI-0362_BXD155_phased_possorted_bam,A,1351520714,4512-JFI-0362_BXD155_phased_possorted_bam,BXD155,BXD155,BXD155,UTHSC,4.0,4.0,0.0,B6 female to D2 male F2 intercross,F22,0.0,2009.0
4512-JFI-0362_BXD155_phased_possorted_bam,C,976912616,4512-JFI-0362_BXD155_phased_possorted_bam,BXD155,BXD155,BXD155,UTHSC,4.0,4.0,0.0,B6 female to D2 male F2 intercross,F22,0.0,2009.0
4512-JFI-0357_BXD156_phased_possorted_bam,A,1352207347,4512-JFI-0357_BXD156_phased_possorted_bam,BXD156/RwwJ,BXD156/RwwJ,BXD156,Repository Live,4.0,4.0,0.0,B6 female to D2 male F2 intercross,F28,0.0,2009.0
4512-JFI-0357_BXD156_phased_possorted_bam,C,977319843,4512-JFI-0357_BXD156_phased_possorted_bam,BXD156/RwwJ,BXD156/RwwJ,BXD156,Repository Live,4.0,4.0,0.0,B6 female to D2 male F2 intercross,F28,0.0,2009.0
4512-JFI-0391_BXD157_phased_possorted_bam,A,1353624807,4512-JFI-0391_BXD157_phased_possorted_bam,BXD157/RwwJ,BXD157/RwwJ,BXD157,Repository Live,4.0,4.0,0.0,B6 female to D2 male F2 intercross,F23,0.0,2009.0
4512-JFI-0391_BXD157_phased_possorted_bam,C,978377047,4512-JFI-0391_BXD157_phased_possorted_bam,BXD157/RwwJ,BXD157/RwwJ,BXD157,Repository Live,4.0,4.0,0.0,B6 female to D2 male F2 intercross,F23,0.0,2009.0
4512-JFI-0427_BXD160_phased_possorted_bam,A,1355154813,4512-JFI-0427_BXD160_phased_possorted_bam,BXD160/RwwJ,BXD160/RwwJ,BXD160,Repository Live,5.0,5.0,1.0,"Advanced intercross progeny of B6 female to D2 male (G8-G9, donated by A. Palmer)",F28,8.0,2009.0
4512-JFI-0427_BXD160_phased_possorted_bam,C,979132905,4512-JFI-0427_BXD160_phased_possorted_bam,BXD160/RwwJ,BXD160/RwwJ,BXD160,Repository Live,5.0,5.0,1.0,"Advanced intercross progeny of B6 female to D2 male (G8-G9, donated by A. Palmer)",F28,8.0,2009.0
4512-JFI-0456_BXD161_RwwJ_phased_possorted_bam,A,1352126224,4512-JFI-0456_BXD161_RwwJ_phased_possorted_bam,BXD161/RwwJ,BXD161/RwwJ,BXD161,Repository Live,5.0,5.0,1.0,"Advanced intercross progeny of B6 female to D2 male (G8-G9, donated by A. Palmer)",F23+pF3,8.0,2009.0
4512-JFI-0456_BXD161_RwwJ_phased_possorted_bam,C,977597634,4512-JFI-0456_BXD161_RwwJ_phased_possorted_bam,BXD161/RwwJ,BXD161/RwwJ,BXD161,Repository Live,5.0,5.0,1.0,"Advanced intercross progeny of B6 female to D2 male (G8-G9, donated by A. Palmer)",F23+pF3,8.0,2009.0
4512-JFI-0394_BXD162_phased_possorted_bam,A,1356150194,4512-JFI-0394_BXD162_phased_possorted_bam,BXD162,BXD162,BXD162,UTHSC,5.0,5.0,1.0,"Advanced intercross progeny of B6 female to D2 male (G8-G9, donated by A. Palmer)",F10N6F9,9.0,2009.0
4512-JFI-0394_BXD162_phased_possorted_bam,C,980093833,4512-JFI-0394_BXD162_phased_possorted_bam,BXD162,BXD162,BXD162,UTHSC,5.0,5.0,1.0,"Advanced intercross progeny of B6 female to D2 male (G8-G9, donated by A. Palmer)",F10N6F9,9.0,2009.0
4512-JFI-0466_BXD168_phased_possorted_bam,A,1358469121,4512-JFI-0466_BXD168_phased_possorted_bam,BXD168/RwwJ,BXD168/RwwJ,BXD168,"Pre-order (est. Apr 8, 2019)",5.0,5.0,1.0,"Advanced intercross progeny of B6 female to D2 male (G8-G9, donated by A. Palmer)",F25,9.0,2009.0
4512-JFI-0466_BXD168_phased_possorted_bam,C,981866447,4512-JFI-0466_BXD168_phased_possorted_bam,BXD168/RwwJ,BXD168/RwwJ,BXD168,"Pre-order (est. Apr 8, 2019)",5.0,5.0,1.0,"Advanced intercross progeny of B6 female to D2 male (G8-G9, donated by A. Palmer)",F25,9.0,2009.0
4512-JFI-0426_BXD169_phased_possorted_bam,A,1345828224,4512-JFI-0426_BXD169_phased_possorted_bam,BXD169/RwwJ,BXD169/RwwJ,BXD169,Repository Live,5.0,5.0,1.0,"Advanced intercross progeny of B6 female to D2 male (G8-G9, donated by A. Palmer)",F26,9.0,2010.0
4512-JFI-0426_BXD169_phased_possorted_bam,C,972338361,4512-JFI-0426_BXD169_phased_possorted_bam,BXD169/RwwJ,BXD169/RwwJ,BXD169,Repository Live,5.0,5.0,1.0,"Advanced intercross progeny of B6 female to D2 male (G8-G9, donated by A. Palmer)",F26,9.0,2010.0
4512-JFI-0437_BXD170_phased_possorted_bam,A,1321373196,4512-JFI-0437_BXD170_phased_possorted_bam,BXD170/RwwJ,BXD170/RwwJ,BXD170,Repository Live,5.0,5.0,1.0,"Advanced intercross progeny of B6 female to D2 male (G8-G9, donated by A. Palmer)",F34,9.0,2010.0
4512-JFI-0437_BXD170_phased_possorted_bam,C,954407948,4512-JFI-0437_BXD170_phased_possorted_bam,BXD170/RwwJ,BXD170/RwwJ,BXD170,Repository Live,5.0,5.0,1.0,"Advanced intercross progeny of B6 female to D2 male (G8-G9, donated by A. Palmer)",F34,9.0,2010.0
4512-JFI-0484_BXD171_phased_possorted_bam,A,1352337122,4512-JFI-0484_BXD171_phased_possorted_bam,BXD171/RwwJ,BXD171/RwwJ,BXD171,"Pre-order (est. Jun 3, 2019)",5.0,5.0,1.0,"Advanced intercross progeny of B6 female to D2 male (G8-G9, donated by A. Palmer)",F28,9.0,2010.0
4512-JFI-0484_BXD171_phased_possorted_bam,C,977425441,4512-JFI-0484_BXD171_phased_possorted_bam,BXD171/RwwJ,BXD171/RwwJ,BXD171,"Pre-order (est. Jun 3, 2019)",5.0,5.0,1.0,"Advanced intercross progeny of B6 female to D2 male (G8-G9, donated by A. Palmer)",F28,9.0,2010.0
4512-JFI-0380_BXD172_phased_possorted_bam,A,1341760829,4512-JFI-0380_BXD172_phased_possorted_bam,BXD172/RwwJ,BXD172/RwwJ,BXD172,Repository Live,5.0,5.0,1.0,"Advanced intercross progeny of B6 female to D2 male (G8-G9, donated by A. Palmer)",F32,9.0,2010.0
4512-JFI-0380_BXD172_phased_possorted_bam,C,969241760,4512-JFI-0380_BXD172_phased_possorted_bam,BXD172/RwwJ,BXD172/RwwJ,BXD172,Repository Live,5.0,5.0,1.0,"Advanced intercross progeny of B6 female to D2 male (G8-G9, donated by A. Palmer)",F32,9.0,2010.0
4512-JFI-0402_BXD173_phased_possorted_bam,A,1352141940,4512-JFI-0402_BXD173_phased_possorted_bam,BXD173,BXD173,BXD173,UTHSC,5.0,5.0,1.0,"Advanced intercross progeny of B6 female to D2 male (G8-G9, donated by A. Palmer)",F6N3F13,9.0,2010.0
4512-JFI-0402_BXD173_phased_possorted_bam,C,976877608,4512-JFI-0402_BXD173_phased_possorted_bam,BXD173,BXD173,BXD173,UTHSC,5.0,5.0,1.0,"Advanced intercross progeny of B6 female to D2 male (G8-G9, donated by A. Palmer)",F6N3F13,9.0,2010.0
4512-JFI-0385_BXD174_phased_possorted_bam,A,1349809217,4512-JFI-0385_BXD174_phased_possorted_bam,BXD174,BXD174,BXD174,UTHSC,5.0,5.0,1.0,"Advanced intercross progeny of B6 female to D2 male (G8-G9, donated by A. Palmer)",F6N6F12,9.0,2010.0
4512-JFI-0385_BXD174_phased_possorted_bam,C,975502328,4512-JFI-0385_BXD174_phased_possorted_bam,BXD174,BXD174,BXD174,UTHSC,5.0,5.0,1.0,"Advanced intercross progeny of B6 female to D2 male (G8-G9, donated by A. Palmer)",F6N6F12,9.0,2010.0
4512-JFI-0448_BXD175_phased_possorted_bam,A,1299715571,4512-JFI-0448_BXD175_phased_possorted_bam,BXD175,BXD175,BXD175,Extinct,5.0,5.0,1.0,"Advanced intercross progeny of B6 female to D2 male (G8-G9, donated by A. Palmer)",F18,9.0,2010.0
4512-JFI-0448_BXD175_phased_possorted_bam,C,937479279,4512-JFI-0448_BXD175_phased_possorted_bam,BXD175,BXD175,BXD175,Extinct,5.0,5.0,1.0,"Advanced intercross progeny of B6 female to D2 male (G8-G9, donated by A. Palmer)",F18,9.0,2010.0
4512-JFI-0428_BXD176_phased_possorted_bam,A,1357886133,4512-JFI-0428_BXD176_phased_possorted_bam,BXD176,BXD176,BXD176,UTHSC,5.0,5.0,1.0,"Advanced intercross progeny of B6 female to D2 male (G8-G9, donated by A. Palmer)",F6N3F12,9.0,2010.0
4512-JFI-0428_BXD176_phased_possorted_bam,C,981296017,4512-JFI-0428_BXD176_phased_possorted_bam,BXD176,BXD176,BXD176,UTHSC,5.0,5.0,1.0,"Advanced intercross progeny of B6 female to D2 male (G8-G9, donated by A. Palmer)",F6N3F12,9.0,2010.0
4512-JFI-0490_BXD177_phased_possorted_bam,A,1353832307,4512-JFI-0490_BXD177_phased_possorted_bam,BXD177/RwwJ,BXD177/RwwJ,BXD177,Repository Live,5.0,5.0,1.0,"Advanced intercross progeny of B6 female to D2 male (G8-G9, donated by A. Palmer)",F22,9.0,2010.0
4512-JFI-0490_BXD177_phased_possorted_bam,C,978493627,4512-JFI-0490_BXD177_phased_possorted_bam,BXD177/RwwJ,BXD177/RwwJ,BXD177,Repository Live,5.0,5.0,1.0,"Advanced intercross progeny of B6 female to D2 male (G8-G9, donated by A. Palmer)",F22,9.0,2010.0
4512-JFI-0342_BXD178_phased_possorted_bam,A,1353777025,4512-JFI-0342_BXD178_phased_possorted_bam,BXD178/RwwJ,BXD178/RwwJ,BXD178,Repository Live,5.0,5.0,1.0,"Advanced intercross progeny of B6 female to D2 male (G8-G9, donated by A. Palmer)",F23,9.0,2010.0
4512-JFI-0342_BXD178_phased_possorted_bam,C,978408992,4512-JFI-0342_BXD178_phased_possorted_bam,BXD178/RwwJ,BXD178/RwwJ,BXD178,Repository Live,5.0,5.0,1.0,"Advanced intercross progeny of B6 female to D2 male (G8-G9, donated by A. Palmer)",F23,9.0,2010.0
4512-JFI-0353_BXD180_phased_possorted_bam,A,1349725966,4512-JFI-0353_BXD180_phased_possorted_bam,BXD180/RwwJ,BXD180/RwwJ,BXD180,Repository Live,5.0,5.0,1.0,"Advanced intercross progeny of B6 female to D2 male (G8-G9, donated by A. Palmer)",F26,9.0,2010.0
4512-JFI-0353_BXD180_phased_possorted_bam,C,975846056,4512-JFI-0353_BXD180_phased_possorted_bam,BXD180/RwwJ,BXD180/RwwJ,BXD180,Repository Live,5.0,5.0,1.0,"Advanced intercross progeny of B6 female to D2 male (G8-G9, donated by A. Palmer)",F26,9.0,2010.0
4512-JFI-0441_BXD181_phased_possorted_bam,A,1330273216,4512-JFI-0441_BXD181_phased_possorted_bam,BXD181,BXD181,BXD181,UTHSC,5.0,5.0,1.0,"Advanced intercross progeny of B6 female to D2 male (G8-G9, donated by A. Palmer)",F18N2F5,9.0,2010.0
4512-JFI-0441_BXD181_phased_possorted_bam,C,960819577,4512-JFI-0441_BXD181_phased_possorted_bam,BXD181,BXD181,BXD181,UTHSC,5.0,5.0,1.0,"Advanced intercross progeny of B6 female to D2 male (G8-G9, donated by A. Palmer)",F18N2F5,9.0,2010.0
4512-JFI-0434_BXD183_phased_possorted_bam,A,1353646435,4512-JFI-0434_BXD183_phased_possorted_bam,BXD183,BXD183,BXD183,UTHSC,5.0,5.0,1.0,"Advanced intercross progeny of B6 female to D2 male (G8-G9, donated by A. Palmer)",F7N4F13,9.0,2010.0
4512-JFI-0434_BXD183_phased_possorted_bam,C,978388746,4512-JFI-0434_BXD183_phased_possorted_bam,BXD183,BXD183,BXD183,UTHSC,5.0,5.0,1.0,"Advanced intercross progeny of B6 female to D2 male (G8-G9, donated by A. Palmer)",F7N4F13,9.0,2010.0
4512-JFI-0452_BXD184_phased_possorted_bam,A,1344068674,4512-JFI-0452_BXD184_phased_possorted_bam,BXD184/RwwJ,BXD184/RwwJ,BXD184,Repository Live,5.0,5.0,1.0,"Advanced intercross progeny of B6 female to D2 male (G8-G9, donated by A. Palmer)",F22,9.0,2010.0
4512-JFI-0452_BXD184_phased_possorted_bam,C,971074448,4512-JFI-0452_BXD184_phased_possorted_bam,BXD184/RwwJ,BXD184/RwwJ,BXD184,Repository Live,5.0,5.0,1.0,"Advanced intercross progeny of B6 female to D2 male (G8-G9, donated by A. Palmer)",F22,9.0,2010.0
4512-JFI-0416_BXD186_phased_possorted_bam,A,1356449598,4512-JFI-0416_BXD186_phased_possorted_bam,BXD186/RwwJ,BXD186/RwwJ,BXD186,Registering Interest,5.0,5.0,1.0,"Advanced intercross progeny of B6 female to D2 male (G8-G9, donated by A. Palmer)",F25,9.0,2010.0
4512-JFI-0416_BXD186_phased_possorted_bam,C,980452531,4512-JFI-0416_BXD186_phased_possorted_bam,BXD186/RwwJ,BXD186/RwwJ,BXD186,Registering Interest,5.0,5.0,1.0,"Advanced intercross progeny of B6 female to D2 male (G8-G9, donated by A. Palmer)",F25,9.0,2010.0
4512-JFI-0425_BXD187_phased_possorted_bam,A,1347163054,4512-JFI-0425_BXD187_phased_possorted_bam,BXD187/RwwJ,BXD187/RwwJ,BXD187,"Pre-order (est. Jul 29, 2019)",6.0,6.0,0.0,B6 female to D2 male F2 intercross,F17,0.0,2013.0
4512-JFI-0425_BXD187_phased_possorted_bam,C,973747758,4512-JFI-0425_BXD187_phased_possorted_bam,BXD187/RwwJ,BXD187/RwwJ,BXD187,"Pre-order (est. Jul 29, 2019)",6.0,6.0,0.0,B6 female to D2 male F2 intercross,F17,0.0,2013.0
4512-JFI-0412_BXD190_phased_possorted_bam,A,1354830871,4512-JFI-0412_BXD190_phased_possorted_bam,BXD190/RwwJ,BXD190/RwwJ,BXD190,Repository Live,6.0,6.0,0.0,B6 female to D2 male F2 intercross,F18,0.0,2013.0
4512-JFI-0412_BXD190_phased_possorted_bam,C,978989319,4512-JFI-0412_BXD190_phased_possorted_bam,BXD190/RwwJ,BXD190/RwwJ,BXD190,Repository Live,6.0,6.0,0.0,B6 female to D2 male F2 intercross,F18,0.0,2013.0
4512-JFI-0398_BXD191_phased_possorted_bam,A,1354624985,4512-JFI-0398_BXD191_phased_possorted_bam,BXD191/RwwJ,BXD191/RwwJ,BXD191,Repository Live,6.0,6.0,0.0,B6 female to D2 male F2 intercross,F17,0.0,2013.0
4512-JFI-0398_BXD191_phased_possorted_bam,C,979222833,4512-JFI-0398_BXD191_phased_possorted_bam,BXD191/RwwJ,BXD191/RwwJ,BXD191,Repository Live,6.0,6.0,0.0,B6 female to D2 male F2 intercross,F17,0.0,2013.0
4512-JFI-0485_BXD194_redo_phased_possorted_bam,A,1355487112,4512-JFI-0485_BXD194_redo_phased_possorted_bam,BXD194/RwwJ,BXD194/RwwJ,BXD194,Repository Live,6.0,6.0,0.0,B6 female to D2 male F2 intercross,F17,0.0,2013.0
4512-JFI-0485_BXD194_redo_phased_possorted_bam,C,979674803,4512-JFI-0485_BXD194_redo_phased_possorted_bam,BXD194/RwwJ,BXD194/RwwJ,BXD194,Repository Live,6.0,6.0,0.0,B6 female to D2 male F2 intercross,F17,0.0,2013.0
4512-JFI-0409_BXD195_phased_possorted_bam,A,1352932989,4512-JFI-0409_BXD195_phased_possorted_bam,BXD195/RwwJ,BXD195/RwwJ,BXD195,Registering Interest,6.0,6.0,0.0,B6 female to D2 male F2 intercross,F19,0.0,2013.0
4512-JFI-0409_BXD195_phased_possorted_bam,C,977619668,4512-JFI-0409_BXD195_phased_possorted_bam,BXD195/RwwJ,BXD195/RwwJ,BXD195,Registering Interest,6.0,6.0,0.0,B6 female to D2 male F2 intercross,F19,0.0,2013.0
4512-JFI-0366_BXD196_phased_possorted_bam,A,1353357520,4512-JFI-0366_BXD196_phased_possorted_bam,BXD196,BXD196,BXD196,Extinct,6.0,6.0,0.0,B6 female to D2 male F2 intercross,F16,0.0,2013.0
4512-JFI-0366_BXD196_phased_possorted_bam,C,978408623,4512-JFI-0366_BXD196_phased_possorted_bam,BXD196,BXD196,BXD196,Extinct,6.0,6.0,0.0,B6 female to D2 male F2 intercross,F16,0.0,2013.0
4512-JFI-0479_BXD197_phased_possorted_bam,A,1336003195,4512-JFI-0479_BXD197_phased_possorted_bam,BXD197/RwwJ,BXD197/RwwJ,BXD197,Repository Live,6.0,6.0,0.0,B6 female to D2 male F2 intercross,F18,0.0,2013.0
4512-JFI-0479_BXD197_phased_possorted_bam,C,965564831,4512-JFI-0479_BXD197_phased_possorted_bam,BXD197/RwwJ,BXD197/RwwJ,BXD197,Repository Live,6.0,6.0,0.0,B6 female to D2 male F2 intercross,F18,0.0,2013.0
4512-JFI-0422_BXD198_phased_possorted_bam,A,1357183448,4512-JFI-0422_BXD198_phased_possorted_bam,BXD198,BXD198,BXD198,UTHSC,6.0,6.0,0.0,B6 female to D2 male F2 intercross,F15,0.0,2013.0
4512-JFI-0422_BXD198_phased_possorted_bam,C,980722446,4512-JFI-0422_BXD198_phased_possorted_bam,BXD198,BXD198,BXD198,UTHSC,6.0,6.0,0.0,B6 female to D2 male F2 intercross,F15,0.0,2013.0
4512-JFI-0354_BXD199_phased_possorted_bam,A,1349561970,4512-JFI-0354_BXD199_phased_possorted_bam,BXD199/RwwJ,BXD199/RwwJ,BXD199,Repository Live,6.0,6.0,0.0,B6 female to D2 male F2 intercross,F18,0.0,2013.0
4512-JFI-0354_BXD199_phased_possorted_bam,C,975404080,4512-JFI-0354_BXD199_phased_possorted_bam,BXD199/RwwJ,BXD199/RwwJ,BXD199,Repository Live,6.0,6.0,0.0,B6 female to D2 male F2 intercross,F18,0.0,2013.0
4512-JFI-0351_BXD201_phased_possorted_bam,A,1348207716,4512-JFI-0351_BXD201_phased_possorted_bam,BXD201,BXD201,BXD201,Extinct,6.0,6.0,0.0,B6 female to D2 male F2 intercross,F10,0.0,2013.0
4512-JFI-0351_BXD201_phased_possorted_bam,C,974694562,4512-JFI-0351_BXD201_phased_possorted_bam,BXD201,BXD201,BXD201,Extinct,6.0,6.0,0.0,B6 female to D2 male F2 intercross,F10,0.0,2013.0
4512-JFI-0343_BXD202_phased_possorted_bam,A,1352308323,4512-JFI-0343_BXD202_phased_possorted_bam,BXD202/RwwJ,BXD202/RwwJ,BXD202,"Pre-order (est. Mar 25, 2019)",6.0,6.0,0.0,B6 female to D2 male F2 intercross,F15,0.0,2013.0
4512-JFI-0343_BXD202_phased_possorted_bam,C,977505830,4512-JFI-0343_BXD202_phased_possorted_bam,BXD202/RwwJ,BXD202/RwwJ,BXD202,"Pre-order (est. Mar 25, 2019)",6.0,6.0,0.0,B6 female to D2 male F2 intercross,F15,0.0,2013.0
4512-JFI-0480_BXD204_phased_possorted_bam,A,1354160605,4512-JFI-0480_BXD204_phased_possorted_bam,BXD204,BXD204,BXD204,UTHSC,6.0,6.0,0.0,B6 female to D2 male F2 intercross,F15,0.0,2013.0
4512-JFI-0480_BXD204_phased_possorted_bam,C,978923513,4512-JFI-0480_BXD204_phased_possorted_bam,BXD204,BXD204,BXD204,UTHSC,6.0,6.0,0.0,B6 female to D2 male F2 intercross,F15,0.0,2013.0
4512-JFI-0370_BXD205_phased_possorted_bam,A,1351038593,4512-JFI-0370_BXD205_phased_possorted_bam,BXD205,BXD205,BXD205,UTHSC,6.0,6.0,0.0,B6 female to D2 male F2 intercross,F15,0.0,2013.0
4512-JFI-0370_BXD205_phased_possorted_bam,C,976645878,4512-JFI-0370_BXD205_phased_possorted_bam,BXD205,BXD205,BXD205,UTHSC,6.0,6.0,0.0,B6 female to D2 male F2 intercross,F15,0.0,2013.0
4512-JFI-0468_BXD209_phased_possorted_bam,A,1354773886,4512-JFI-0468_BXD209_phased_possorted_bam,BXD209,BXD209,BXD209,Extinct,6.0,6.0,0.0,B6 female to D2 male F2 intercross,F10,0.0,2013.0
4512-JFI-0468_BXD209_phased_possorted_bam,C,979161809,4512-JFI-0468_BXD209_phased_possorted_bam,BXD209,BXD209,BXD209,Extinct,6.0,6.0,0.0,B6 female to D2 male F2 intercross,F10,0.0,2013.0
4512-JFI-0405_BXD210_phased_possorted_bam,A,1350795226,4512-JFI-0405_BXD210_phased_possorted_bam,BXD210/RwwJ,BXD210/RwwJ,BXD210,Registering Interest,6.0,6.0,0.0,B6 female to D2 male F2 intercross,F15,0.0,2013.0
4512-JFI-0405_BXD210_phased_possorted_bam,C,976351904,4512-JFI-0405_BXD210_phased_possorted_bam,BXD210/RwwJ,BXD210/RwwJ,BXD210,Registering Interest,6.0,6.0,0.0,B6 female to D2 male F2 intercross,F15,0.0,2013.0
4512-JFI-0359_BXD211_phased_possorted_bam,A,1350084944,4512-JFI-0359_BXD211_phased_possorted_bam,BXD211,BXD211,BXD211,UTHSC,6.0,6.0,0.0,B6 female to D2 male F2 intercross,F16,0.0,2013.0
4512-JFI-0359_BXD211_phased_possorted_bam,C,975938780,4512-JFI-0359_BXD211_phased_possorted_bam,BXD211,BXD211,BXD211,UTHSC,6.0,6.0,0.0,B6 female to D2 male F2 intercross,F16,0.0,2013.0
4512-JFI-0491_BXD213_phased_possorted_bam,A,1356935162,4512-JFI-0491_BXD213_phased_possorted_bam,BXD213,BXD213,BXD213,UTHSC,6.0,6.0,0.0,B6 female to D2 male F2 intercross,F15,0.0,2013.0
4512-JFI-0491_BXD213_phased_possorted_bam,C,980772761,4512-JFI-0491_BXD213_phased_possorted_bam,BXD213,BXD213,BXD213,UTHSC,6.0,6.0,0.0,B6 female to D2 male F2 intercross,F15,0.0,2013.0
4512-JFI-0449_BXD214_phased_possorted_bam,A,1319937063,4512-JFI-0449_BXD214_phased_possorted_bam,BXD214/RwwJ,BXD214/RwwJ,BXD214,Repository Live,6.0,6.0,0.0,B6 female to D2 male F2 intercross,F16,0.0,2013.0
4512-JFI-0449_BXD214_phased_possorted_bam,C,953146788,4512-JFI-0449_BXD214_phased_possorted_bam,BXD214/RwwJ,BXD214/RwwJ,BXD214,Repository Live,6.0,6.0,0.0,B6 female to D2 male F2 intercross,F16,0.0,2013.0
4512-JFI-0476_BXD215_phased_possorted_bam,A,1335437953,4512-JFI-0476_BXD215_phased_possorted_bam,BXD215/RwwJ,BXD215/RwwJ,BXD215,"Pre-order (est. Mar 25, 2019)",6.0,6.0,0.0,B6 female to D2 male F2 intercross,F15,0.0,2013.0
4512-JFI-0476_BXD215_phased_possorted_bam,C,964555537,4512-JFI-0476_BXD215_phased_possorted_bam,BXD215/RwwJ,BXD215/RwwJ,BXD215,"Pre-order (est. Mar 25, 2019)",6.0,6.0,0.0,B6 female to D2 male F2 intercross,F15,0.0,2013.0
4512-JFI-0443_BXD216_phased_possorted_bam,A,1341563712,4512-JFI-0443_BXD216_phased_possorted_bam,BXD216/RwwJ,BXD216/RwwJ,BXD216,"Pre-order (est. Mar 25, 2019)",6.0,6.0,0.0,B6 female to D2 male F2 intercross,F17,0.0,2013.0
4512-JFI-0443_BXD216_phased_possorted_bam,C,969376088,4512-JFI-0443_BXD216_phased_possorted_bam,BXD216/RwwJ,BXD216/RwwJ,BXD216,"Pre-order (est. Mar 25, 2019)",6.0,6.0,0.0,B6 female to D2 male F2 intercross,F17,0.0,2013.0
4512-JFI-0473_BXD217_phased_possorted_bam,A,1348450941,4512-JFI-0473_BXD217_phased_possorted_bam,BXD217,BXD217,BXD217,UTHSC,6.0,6.0,0.0,B6 female to D2 male F2 intercross,F11,0.0,2013.0
4512-JFI-0473_BXD217_phased_possorted_bam,C,974719083,4512-JFI-0473_BXD217_phased_possorted_bam,BXD217,BXD217,BXD217,UTHSC,6.0,6.0,0.0,B6 female to D2 male F2 intercross,F11,0.0,2013.0
4512-JFI-0390_BXD218_phased_possorted_bam,A,1343445876,4512-JFI-0390_BXD218_phased_possorted_bam,BXD218,BXD218,BXD218,UTHSC,6.0,6.0,0.0,B6 female to D2 male F2 intercross,F13,0.0,2013.0
4512-JFI-0390_BXD218_phased_possorted_bam,C,971677604,4512-JFI-0390_BXD218_phased_possorted_bam,BXD218,BXD218,BXD218,UTHSC,6.0,6.0,0.0,B6 female to D2 male F2 intercross,F13,0.0,2013.0
4512-JFI-0396_BXD219_phased_possorted_bam,A,1349927579,4512-JFI-0396_BXD219_phased_possorted_bam,BXD219,BXD219,BXD219,UTHSC,6.0,6.0,0.0,B6 female to D2 male F2 intercross,F14,0.0,2013.0
4512-JFI-0396_BXD219_phased_possorted_bam,C,975958596,4512-JFI-0396_BXD219_phased_possorted_bam,BXD219,BXD219,BXD219,UTHSC,6.0,6.0,0.0,B6 female to D2 male F2 intercross,F14,0.0,2013.0
